,TL,TM,TR,ML,MM,MR,BL,BM,BR,class
0,2,2,2,2,1,1,2,1,1,1
1,2,2,2,2,1,1,1,2,1,1
2,2,2,2,2,1,1,1,1,2,1
3,2,2,2,2,1,1,1,0,0,1
4,2,2,2,2,1,1,0,1,0,1
5,2,2,2,2,1,1,0,0,1,1
6,2,2,2,2,1,0,1,1,0,1
7,2,2,2,2,1,0,1,0,1,1
8,2,2,2,2,1,0,0,1,1,1
9,2,2,2,2,0,1,1,1,0,1
10,2,2,2,2,0,1,1,0,1,1
11,2,2,2,2,0,1,0,1,1,1
12,2,2,2,1,2,1,2,1,1,1
13,2,2,2,1,2,1,1,2,1,1
14,2,2,2,1,2,1,1,1,2,1
15,2,2,2,1,2,1,1,0,0,1
16,2,2,2,1,2,1,0,1,0,1
17,2,2,2,1,2,1,0,0,1,1
18,2,2,2,1,2,0,1,1,0,1
19,2,2,2,1,2,0,1,0,1,1
20,2,2,2,1,2,0,0,1,1,1
21,2,2,2,1,1,2,2,1,1,1
22,2,2,2,1,1,2,1,2,1,1
23,2,2,2,1,1,2,1,1,2,1
24,2,2,2,1,1,2,1,0,0,1
25,2,2,2,1,1,2,0,1,0,1
26,2,2,2,1,1,2,0,0,1,1
27,2,2,2,1,1,0,2,1,0,1
28,2,2,2,1,1,0,2,0,1,1
29,2,2,2,1,1,0,1,2,0,1
30,2,2,2,1,1,0,1,0,2,1
31,2,2,2,1,1,0,0,2,1,1
32,2,2,2,1,1,0,0,1,2,1
33,2,2,2,1,1,0,0,0,0,1
34,2,2,2,1,0,2,1,1,0,1
35,2,2,2,1,0,2,1,0,1,1
36,2,2,2,1,0,2,0,1,1,1
37,2,2,2,1,0,1,2,1,0,1
38,2,2,2,1,0,1,2,0,1,1
39,2,2,2,1,0,1,1,2,0,1
40,2,2,2,1,0,1,1,0,2,1
41,2,2,2,1,0,1,0,2,1,1
42,2,2,2,1,0,1,0,1,2,1
43,2,2,2,1,0,1,0,0,0,1
44,2,2,2,1,0,0,2,1,1,1
45,2,2,2,1,0,0,1,2,1,1
46,2,2,2,1,0,0,1,1,2,1
47,2,2,2,1,0,0,1,0,0,1
48,2,2,2,1,0,0,0,1,0,1
49,2,2,2,1,0,0,0,0,1,1
50,2,2,2,0,2,1,1,1,0,1
51,2,2,2,0,2,1,1,0,1,1
52,2,2,2,0,2,1,0,1,1,1
53,2,2,2,0,1,2,1,1,0,1
54,2,2,2,0,1,2,1,0,1,1
55,2,2,2,0,1,2,0,1,1,1
56,2,2,2,0,1,1,2,1,0,1
57,2,2,2,0,1,1,2,0,1,1
58,2,2,2,0,1,1,1,2,0,1
59,2,2,2,0,1,1,1,0,2,1
60,2,2,2,0,1,1,0,2,1,1
61,2,2,2,0,1,1,0,1,2,1
62,2,2,2,0,1,1,0,0,0,1
63,2,2,2,0,1,0,2,1,1,1
64,2,2,2,0,1,0,1,2,1,1
65,2,2,2,0,1,0,1,1,2,1
66,2,2,2,0,1,0,1,0,0,1
67,2,2,2,0,1,0,0,1,0,1
68,2,2,2,0,1,0,0,0,1,1
69,2,2,2,0,0,1,2,1,1,1
70,2,2,2,0,0,1,1,2,1,1
71,2,2,2,0,0,1,1,1,2,1
72,2,2,2,0,0,1,1,0,0,1
73,2,2,2,0,0,1,0,1,0,1
74,2,2,2,0,0,1,0,0,1,1
75,2,2,2,0,0,0,1,1,0,1
76,2,2,2,0,0,0,1,0,1,1
77,2,2,2,0,0,0,0,1,1,1
78,2,2,1,2,2,1,1,1,2,1
79,2,2,1,2,1,2,2,1,1,1
80,2,2,1,2,1,1,2,1,2,1
81,2,2,1,2,1,1,2,0,0,1
82,2,2,1,2,1,0,2,1,0,1
83,2,2,1,2,1,0,2,0,1,1
84,2,2,1,2,0,1,2,1,0,1
85,2,2,1,2,0,0,2,1,1,1
86,2,2,1,1,2,2,1,2,1,1
87,2,2,1,1,2,2,1,1,2,1
88,2,2,1,1,2,1,2,1,2,1
89,2,2,1,1,2,1,1,2,2,1
90,2,2,1,1,2,1,0,2,0,1
91,2,2,1,1,2,1,0,0,2,1
92,2,2,1,1,2,0,1,2,0,1
93,2,2,1,1,2,0,1,0,2,1
94,2,2,1,1,2,0,0,2,1,1
95,2,2,1,1,2,0,0,1,2,1
96,2,2,1,0,2,1,1,2,0,1
97,2,2,1,0,2,1,1,0,2,1
98,2,2,1,0,2,1,0,1,2,1
99,2,2,1,0,2,0,1,2,1,1
100,2,2,1,0,2,0,1,1,2,1
101,2,2,0,2,1,1,2,1,0,1
102,2,2,0,2,1,1,2,0,1,1
103,2,2,0,2,1,0,2,1,1,1
104,2,2,0,2,0,1,2,1,1,1
105,2,2,0,1,2,1,1,2,0,1
106,2,2,0,1,2,1,1,0,2,1
107,2,2,0,1,2,1,0,2,1,1
108,2,2,0,1,2,1,0,1,2,1
109,2,2,0,1,2,0,1,2,1,1
110,2,2,0,1,2,0,1,1,2,1
111,2,2,0,0,2,1,1,2,1,1
112,2,2,0,0,2,1,1,1,2,1
113,2,1,2,2,2,1,2,1,1,1
114,2,1,2,2,2,1,1,1,2,1
115,2,1,2,2,1,1,2,2,1,1
116,2,1,2,2,1,1,2,0,0,1
117,2,1,2,2,1,0,2,0,1,1
118,2,1,2,2,0,1,2,1,0,1
119,2,1,2,2,0,1,2,0,1,1
120,2,1,2,2,0,0,2,1,1,1
121,2,1,2,1,2,2,2,1,1,1
122,2,1,2,1,2,2,1,1,2,1
123,2,1,2,1,2,1,2,2,1,1
124,2,1,2,1,2,1,2,1,2,1
125,2,1,2,1,2,1,2,0,0,1
126,2,1,2,1,2,1,1,2,2,1
127,2,1,2,1,2,1,0,0,2,1
128,2,1,2,1,2,0,2,1,0,1
129,2,1,2,1,2,0,2,0,1,1
130,2,1,2,1,2,0,1,0,2,1
131,2,1,2,1,2,0,0,1,2,1
132,2,1,2,1,1,2,1,2,2,1
133,2,1,2,1,1,2,0,0,2,1
134,2,1,2,1,0,2,1,0,2,1
135,2,1,2,1,0,2,0,1,2,1
136,2,1,2,0,2,1,2,1,0,1
137,2,1,2,0,2,1,2,0,1,1
138,2,1,2,0,2,1,1,0,2,1
139,2,1,2,0,2,1,0,1,2,1
140,2,1,2,0,2,0,2,1,1,1
141,2,1,2,0,2,0,1,1,2,1
142,2,1,2,0,1,2,1,0,2,1
143,2,1,2,0,0,2,1,1,2,1
144,2,1,1,2,2,2,2,1,1,1
145,2,1,1,2,2,2,1,2,1,1
146,2,1,1,2,2,2,1,1,2,1
147,2,1,1,2,2,2,1,0,0,1
148,2,1,1,2,2,2,0,1,0,1
149,2,1,1,2,2,2,0,0,1,1
150,2,1,1,2,2,1,2,1,2,1
151,2,1,1,2,2,1,2,0,0,1
152,2,1,1,2,2,1,1,2,2,1
153,2,1,1,2,2,1,0,0,2,1
154,2,1,1,2,2,0,2,1,0,1
155,2,1,1,2,2,0,2,0,1,1
156,2,1,1,2,2,0,1,0,2,1
157,2,1,1,2,2,0,0,1,2,1
158,2,1,1,2,1,2,2,2,1,1
159,2,1,1,2,1,2,2,0,0,1
160,2,1,1,2,1,1,2,2,2,1
161,2,1,1,2,1,0,2,2,0,1
162,2,1,1,2,1,0,2,0,2,1
163,2,1,1,2,0,2,2,1,0,1
164,2,1,1,2,0,2,2,0,1,1
165,2,1,1,2,0,1,2,2,0,1
166,2,1,1,2,0,1,2,0,2,1
167,2,1,1,2,0,0,2,2,1,1
168,2,1,1,2,0,0,2,1,2,1
169,2,1,1,2,0,0,2,0,0,1
170,2,1,1,1,2,2,2,1,2,1
171,2,1,1,1,2,2,1,2,2,1
172,2,1,1,1,2,2,0,0,2,1
173,2,1,1,1,2,1,2,2,2,1
174,2,1,1,1,2,0,2,0,2,1
175,2,1,1,1,2,0,0,2,2,1
176,2,1,1,1,1,2,2,2,2,1
177,2,1,1,1,0,0,2,2,2,1
178,2,1,1,0,2,2,1,0,2,1
179,2,1,1,0,2,2,0,1,2,1
180,2,1,1,0,2,1,2,0,2,1
181,2,1,1,0,2,1,0,2,2,1
182,2,1,1,0,2,0,2,1,2,1
183,2,1,1,0,2,0,1,2,2,1
184,2,1,1,0,2,0,0,0,2,1
185,2,1,1,0,1,0,2,2,2,1
186,2,1,1,0,0,1,2,2,2,1
187,2,1,0,2,2,2,1,1,0,1
188,2,1,0,2,2,2,1,0,1,1
189,2,1,0,2,2,2,0,1,1,1
190,2,1,0,2,2,1,2,1,0,1
191,2,1,0,2,2,1,2,0,1,1
192,2,1,0,2,2,1,1,0,2,1
193,2,1,0,2,2,1,0,1,2,1
194,2,1,0,2,2,0,2,1,1,1
195,2,1,0,2,2,0,1,1,2,1
196,2,1,0,2,1,2,2,0,1,1
197,2,1,0,2,1,1,2,2,0,1
198,2,1,0,2,1,1,2,0,2,1
199,2,1,0,2,1,0,2,2,1,1
200,2,1,0,2,1,0,2,0,0,1
201,2,1,0,2,0,2,2,1,1,1
202,2,1,0,2,0,1,2,2,1,1
203,2,1,0,2,0,1,2,1,2,1
204,2,1,0,2,0,1,2,0,0,1
205,2,1,0,2,0,0,2,1,0,1
206,2,1,0,2,0,0,2,0,1,1
207,2,1,0,1,2,2,1,0,2,1
208,2,1,0,1,2,2,0,1,2,1
209,2,1,0,1,2,1,2,0,2,1
210,2,1,0,1,2,1,0,2,2,1
211,2,1,0,1,2,0,2,1,2,1
212,2,1,0,1,2,0,1,2,2,1
213,2,1,0,1,2,0,0,0,2,1
214,2,1,0,1,1,0,2,2,2,1
215,2,1,0,1,0,1,2,2,2,1
216,2,1,0,0,2,2,1,1,2,1
217,2,1,0,0,2,1,2,1,2,1
218,2,1,0,0,2,1,1,2,2,1
219,2,1,0,0,2,1,0,0,2,1
220,2,1,0,0,2,0,1,0,2,1
221,2,1,0,0,2,0,0,1,2,1
222,2,1,0,0,1,1,2,2,2,1
223,2,0,2,2,1,1,2,1,0,1
224,2,0,2,2,1,1,2,0,1,1
225,2,0,2,2,1,0,2,1,1,1
226,2,0,2,2,0,1,2,1,1,1
227,2,0,2,1,2,1,2,1,0,1
228,2,0,2,1,2,1,2,0,1,1
229,2,0,2,1,2,1,1,0,2,1
230,2,0,2,1,2,1,0,1,2,1
231,2,0,2,1,2,0,2,1,1,1
232,2,0,2,1,2,0,1,1,2,1
233,2,0,2,1,1,2,1,0,2,1
234,2,0,2,1,1,2,0,1,2,1
235,2,0,2,1,0,2,1,1,2,1
236,2,0,2,0,2,1,2,1,1,1
237,2,0,2,0,2,1,1,1,2,1
238,2,0,2,0,1,2,1,1,2,1
239,2,0,1,2,2,2,1,1,0,1
240,2,0,1,2,2,2,1,0,1,1
241,2,0,1,2,2,2,0,1,1,1
242,2,0,1,2,2,1,2,1,0,1
243,2,0,1,2,2,1,1,0,2,1
244,2,0,1,2,2,1,0,1,2,1
245,2,0,1,2,2,0,2,1,1,1
246,2,0,1,2,2,0,1,1,2,1
247,2,0,1,2,1,2,2,1,0,1
248,2,0,1,2,1,2,2,0,1,1
249,2,0,1,2,1,1,2,2,0,1
250,2,0,1,2,1,1,2,0,2,1
251,2,0,1,2,1,0,2,2,1,1
252,2,0,1,2,1,0,2,1,2,1
253,2,0,1,2,1,0,2,0,0,1
254,2,0,1,2,0,2,2,1,1,1
255,2,0,1,2,0,1,2,1,2,1
256,2,0,1,2,0,1,2,0,0,1
257,2,0,1,2,0,0,2,1,0,1
258,2,0,1,2,0,0,2,0,1,1
259,2,0,1,1,2,2,1,0,2,1
260,2,0,1,1,2,2,0,1,2,1
261,2,0,1,1,2,1,2,0,2,1
262,2,0,1,1,2,1,0,2,2,1
263,2,0,1,1,2,0,2,1,2,1
264,2,0,1,1,2,0,1,2,2,1
265,2,0,1,1,2,0,0,0,2,1
266,2,0,1,1,1,0,2,2,2,1
267,2,0,1,1,0,1,2,2,2,1
268,2,0,1,0,2,2,1,1,2,1
269,2,0,1,0,2,1,2,1,2,1
270,2,0,1,0,2,1,1,2,2,1
271,2,0,1,0,2,1,0,0,2,1
272,2,0,1,0,2,0,1,0,2,1
273,2,0,1,0,2,0,0,1,2,1
274,2,0,1,0,1,1,2,2,2,1
275,2,0,0,2,2,1,2,1,1,1
276,2,0,0,2,2,1,1,1,2,1
277,2,0,0,2,1,2,2,1,1,1
278,2,0,0,2,1,1,2,2,1,1
279,2,0,0,2,1,1,2,1,2,1
280,2,0,0,2,1,1,2,0,0,1
281,2,0,0,2,1,0,2,1,0,1
282,2,0,0,2,1,0,2,0,1,1
283,2,0,0,2,0,1,2,1,0,1
284,2,0,0,2,0,1,2,0,1,1
285,2,0,0,2,0,0,2,1,1,1
286,2,0,0,1,2,2,1,1,2,1
287,2,0,0,1,2,1,2,1,2,1
288,2,0,0,1,2,1,1,2,2,1
289,2,0,0,1,2,1,0,0,2,1
290,2,0,0,1,2,0,1,0,2,1
291,2,0,0,1,2,0,0,1,2,1
292,2,0,0,0,2,1,1,0,2,1
293,2,0,0,0,2,1,0,1,2,1
294,2,0,0,0,2,0,1,1,2,1
295,1,2,2,2,2,1,2,1,1,1
296,1,2,2,2,2,1,1,2,1,1
297,1,2,2,2,1,2,1,1,2,1
298,1,2,2,1,2,2,2,1,1,1
299,1,2,2,1,2,1,2,2,1,1
300,1,2,2,1,2,1,2,1,2,1
301,1,2,2,1,2,1,2,0,0,1
302,1,2,2,1,2,1,0,2,0,1
303,1,2,2,1,2,0,2,1,0,1
304,1,2,2,1,2,0,2,0,1,1
305,1,2,2,1,2,0,0,2,1,1
306,1,2,2,1,1,2,2,1,2,1
307,1,2,2,1,1,2,0,0,2,1
308,1,2,2,1,0,2,0,1,2,1
309,1,2,2,0,2,1,2,1,0,1
310,1,2,2,0,2,1,2,0,1,1
311,1,2,2,0,2,1,1,2,0,1
312,1,2,2,0,2,1,0,2,1,1
313,1,2,2,0,2,0,2,1,1,1
314,1,2,2,0,2,0,1,2,1,1
315,1,2,2,0,1,2,1,0,2,1
316,1,2,2,0,1,2,0,1,2,1
317,1,2,2,0,0,2,1,1,2,1
318,1,2,1,2,2,2,2,1,1,1
319,1,2,1,2,2,2,1,2,1,1
320,1,2,1,2,2,2,1,1,2,1
321,1,2,1,2,2,2,1,0,0,1
322,1,2,1,2,2,2,0,1,0,1
323,1,2,1,2,2,2,0,0,1,1
324,1,2,1,2,2,1,1,2,2,1
325,1,2,1,2,2,1,0,2,0,1
326,1,2,1,2,2,0,1,2,0,1
327,1,2,1,2,2,0,0,2,1,1
328,1,2,1,2,1,1,2,2,2,1
329,1,2,1,1,2,2,2,2,1,1
330,1,2,1,1,2,2,0,2,0,1
331,1,2,1,1,2,1,2,2,2,1
332,1,2,1,1,2,0,2,2,0,1
333,1,2,1,1,2,0,0,2,2,1
334,1,2,1,1,1,2,2,2,2,1
335,1,2,1,1,0,0,2,2,2,1
336,1,2,1,0,2,2,1,2,0,1
337,1,2,1,0,2,2,0,2,1,1
338,1,2,1,0,2,1,2,2,0,1
339,1,2,1,0,2,1,0,2,2,1
340,1,2,1,0,2,0,2,2,1,1
341,1,2,1,0,2,0,1,2,2,1
342,1,2,1,0,2,0,0,2,0,1
343,1,2,1,0,1,0,2,2,2,1
344,1,2,1,0,0,1,2,2,2,1
345,1,2,0,2,2,2,1,1,0,1
346,1,2,0,2,2,2,1,0,1,1
347,1,2,0,2,2,2,0,1,1,1
348,1,2,0,2,2,1,1,2,0,1
349,1,2,0,2,2,1,0,2,1,1
350,1,2,0,2,2,0,1,2,1,1
351,1,2,0,1,2,2,0,2,1,1
352,1,2,0,1,2,1,2,2,0,1
353,1,2,0,1,2,1,0,2,2,1
354,1,2,0,1,2,0,2,2,1,1
355,1,2,0,1,2,0,0,2,0,1
356,1,2,0,1,1,0,2,2,2,1
357,1,2,0,1,0,1,2,2,2,1
358,1,2,0,0,2,2,1,2,1,1
359,1,2,0,0,2,1,2,2,1,1
360,1,2,0,0,2,1,1,2,2,1
361,1,2,0,0,2,1,0,2,0,1
362,1,2,0,0,2,0,1,2,0,1
363,1,2,0,0,2,0,0,2,1,1
364,1,2,0,0,1,1,2,2,2,1
365,1,1,2,2,2,2,2,1,1,1
366,1,1,2,2,2,2,1,2,1,1
367,1,1,2,2,2,2,1,1,2,1
368,1,1,2,2,2,2,1,0,0,1
369,1,1,2,2,2,2,0,1,0,1
370,1,1,2,2,2,2,0,0,1,1
371,1,1,2,2,2,1,2,2,1,1
372,1,1,2,2,2,1,2,1,2,1
373,1,1,2,2,2,1,2,0,0,1
374,1,1,2,2,2,0,2,1,0,1
375,1,1,2,2,2,0,2,0,1,1
376,1,1,2,2,1,2,1,2,2,1
377,1,1,2,2,1,2,0,0,2,1
378,1,1,2,2,1,1,2,2,2,1
379,1,1,2,2,0,2,1,0,2,1
380,1,1,2,2,0,2,0,1,2,1
381,1,1,2,1,2,2,2,2,1,1
382,1,1,2,1,2,2,2,1,2,1
383,1,1,2,1,2,2,2,0,0,1
384,1,1,2,1,2,2,0,0,2,1
385,1,1,2,1,2,1,2,2,2,1
386,1,1,2,1,2,0,2,2,0,1
387,1,1,2,1,2,0,2,0,2,1
388,1,1,2,1,1,2,2,2,2,1
389,1,1,2,1,0,2,2,0,2,1
390,1,1,2,1,0,2,0,2,2,1
391,1,1,2,1,0,0,2,2,2,1
392,1,1,2,0,2,2,2,1,0,1
393,1,1,2,0,2,2,2,0,1,1
394,1,1,2,0,2,2,1,0,2,1
395,1,1,2,0,2,2,0,1,2,1
396,1,1,2,0,2,1,2,2,0,1
397,1,1,2,0,2,1,2,0,2,1
398,1,1,2,0,2,0,2,2,1,1
399,1,1,2,0,2,0,2,1,2,1
400,1,1,2,0,2,0,2,0,0,1
401,1,1,2,0,1,2,2,0,2,1
402,1,1,2,0,1,2,0,2,2,1
403,1,1,2,0,1,0,2,2,2,1
404,1,1,2,0,0,2,2,1,2,1
405,1,1,2,0,0,2,1,2,2,1
406,1,1,2,0,0,2,0,0,2,1
407,1,1,2,0,0,1,2,2,2,1
408,1,1,0,2,2,2,2,1,0,1
409,1,1,0,2,2,2,2,0,1,1
410,1,1,0,2,2,2,1,2,0,1
411,1,1,0,2,2,2,1,0,2,1
412,1,1,0,2,2,2,0,2,1,1
413,1,1,0,2,2,2,0,1,2,1
414,1,1,0,2,2,2,0,0,0,1
415,1,1,0,2,1,0,2,2,2,1
416,1,1,0,2,0,1,2,2,2,1
417,1,1,0,1,2,0,2,2,2,1
418,1,1,0,1,0,2,2,2,2,1
419,1,1,0,0,2,1,2,2,2,1
420,1,1,0,0,1,2,2,2,2,1
421,1,1,0,0,0,0,2,2,2,1
422,1,0,2,2,2,2,1,1,0,1
423,1,0,2,2,2,2,1,0,1,1
424,1,0,2,2,2,2,0,1,1,1
425,1,0,2,2,2,1,2,1,0,1
426,1,0,2,2,2,1,2,0,1,1
427,1,0,2,2,2,0,2,1,1,1
428,1,0,2,2,1,2,1,0,2,1
429,1,0,2,2,1,2,0,1,2,1
430,1,0,2,2,0,2,1,1,2,1
431,1,0,2,1,2,2,2,1,0,1
432,1,0,2,1,2,2,2,0,1,1
433,1,0,2,1,2,2,0,1,2,1
434,1,0,2,1,2,1,2,2,0,1
435,1,0,2,1,2,1,2,0,2,1
436,1,0,2,1,2,0,2,2,1,1
437,1,0,2,1,2,0,2,1,2,1
438,1,0,2,1,2,0,2,0,0,1
439,1,0,2,1,1,2,2,0,2,1
440,1,0,2,1,1,2,0,2,2,1
441,1,0,2,1,1,0,2,2,2,1
442,1,0,2,1,0,2,2,1,2,1
443,1,0,2,1,0,2,0,0,2,1
444,1,0,2,1,0,1,2,2,2,1
445,1,0,2,0,2,2,2,1,1,1
446,1,0,2,0,2,2,1,1,2,1
447,1,0,2,0,2,1,2,2,1,1
448,1,0,2,0,2,1,2,1,2,1
449,1,0,2,0,2,1,2,0,0,1
450,1,0,2,0,2,0,2,1,0,1
451,1,0,2,0,2,0,2,0,1,1
452,1,0,2,0,1,2,2,1,2,1
453,1,0,2,0,1,2,1,2,2,1
454,1,0,2,0,1,2,0,0,2,1
455,1,0,2,0,1,1,2,2,2,1
456,1,0,2,0,0,2,1,0,2,1
457,1,0,2,0,0,2,0,1,2,1
458,1,0,1,2,2,2,2,1,0,1
459,1,0,1,2,2,2,2,0,1,1
460,1,0,1,2,2,2,1,2,0,1
461,1,0,1,2,2,2,1,0,2,1
462,1,0,1,2,2,2,0,2,1,1
463,1,0,1,2,2,2,0,1,2,1
464,1,0,1,2,2,2,0,0,0,1
465,1,0,1,2,1,0,2,2,2,1
466,1,0,1,2,0,1,2,2,2,1
467,1,0,1,1,2,0,2,2,2,1
468,1,0,1,1,0,2,2,2,2,1
469,1,0,1,0,2,1,2,2,2,1
470,1,0,1,0,1,2,2,2,2,1
471,1,0,1,0,0,0,2,2,2,1
472,1,0,0,2,2,2,2,1,1,1
473,1,0,0,2,2,2,1,2,1,1
474,1,0,0,2,2,2,1,1,2,1
475,1,0,0,2,2,2,1,0,0,1
476,1,0,0,2,2,2,0,1,0,1
477,1,0,0,2,2,2,0,0,1,1
478,1,0,0,2,1,1,2,2,2,1
479,1,0,0,1,2,1,2,2,2,1
480,1,0,0,1,1,2,2,2,2,1
481,1,0,0,1,0,0,2,2,2,1
482,1,0,0,0,1,0,2,2,2,1
483,1,0,0,0,0,1,2,2,2,1
484,0,2,2,1,2,1,2,1,0,1
485,0,2,2,1,2,1,2,0,1,1
486,0,2,2,1,2,1,1,2,0,1
487,0,2,2,1,2,1,0,2,1,1
488,0,2,2,1,2,0,2,1,1,1
489,0,2,2,1,2,0,1,2,1,1
490,0,2,2,1,1,2,1,0,2,1
491,0,2,2,1,1,2,0,1,2,1
492,0,2,2,1,0,2,1,1,2,1
493,0,2,2,0,2,1,2,1,1,1
494,0,2,2,0,2,1,1,2,1,1
495,0,2,2,0,1,2,1,1,2,1
496,0,2,1,2,2,2,1,1,0,1
497,0,2,1,2,2,2,1,0,1,1
498,0,2,1,2,2,2,0,1,1,1
499,0,2,1,2,2,1,1,2,0,1
500,0,2,1,2,2,0,1,2,1,1
501,0,2,1,1,2,2,1,2,0,1
502,0,2,1,1,2,2,0,2,1,1
503,0,2,1,1,2,1,2,2,0,1
504,0,2,1,1,2,1,0,2,2,1
505,0,2,1,1,2,0,2,2,1,1
506,0,2,1,1,2,0,1,2,2,1
507,0,2,1,1,2,0,0,2,0,1
508,0,2,1,1,1,0,2,2,2,1
509,0,2,1,1,0,1,2,2,2,1
510,0,2,1,0,2,2,1,2,1,1
511,0,2,1,0,2,1,1,2,2,1
512,0,2,1,0,2,1,0,2,0,1
513,0,2,1,0,2,0,1,2,0,1
514,0,2,1,0,2,0,0,2,1,1
515,0,2,1,0,1,1,2,2,2,1
516,0,2,0,2,2,1,1,2,1,1
517,0,2,0,1,2,2,1,2,1,1
518,0,2,0,1,2,1,2,2,1,1
519,0,2,0,1,2,1,1,2,2,1
520,0,2,0,1,2,1,0,2,0,1
521,0,2,0,1,2,0,1,2,0,1
522,0,2,0,1,2,0,0,2,1,1
523,0,2,0,0,2,1,1,2,0,1
524,0,2,0,0,2,1,0,2,1,1
525,0,2,0,0,2,0,1,2,1,1
526,0,1,2,2,2,2,1,1,0,1
527,0,1,2,2,2,2,1,0,1,1
528,0,1,2,2,2,2,0,1,1,1
529,0,1,2,2,2,1,2,1,0,1
530,0,1,2,2,2,1,2,0,1,1
531,0,1,2,2,2,0,2,1,1,1
532,0,1,2,2,1,2,1,0,2,1
533,0,1,2,2,0,2,1,1,2,1
534,0,1,2,1,2,2,2,1,0,1
535,0,1,2,1,2,2,2,0,1,1
536,0,1,2,1,2,2,1,0,2,1
537,0,1,2,1,2,2,0,1,2,1
538,0,1,2,1,2,1,2,2,0,1
539,0,1,2,1,2,1,2,0,2,1
540,0,1,2,1,2,0,2,2,1,1
541,0,1,2,1,2,0,2,1,2,1
542,0,1,2,1,2,0,2,0,0,1
543,0,1,2,1,1,2,2,0,2,1
544,0,1,2,1,1,2,0,2,2,1
545,0,1,2,1,1,0,2,2,2,1
546,0,1,2,1,0,2,2,1,2,1
547,0,1,2,1,0,2,1,2,2,1
548,0,1,2,1,0,2,0,0,2,1
549,0,1,2,1,0,1,2,2,2,1
550,0,1,2,0,2,2,2,1,1,1
551,0,1,2,0,2,2,1,1,2,1
552,0,1,2,0,2,1,2,2,1,1
553,0,1,2,0,2,1,2,1,2,1
554,0,1,2,0,2,1,2,0,0,1
555,0,1,2,0,2,0,2,1,0,1
556,0,1,2,0,2,0,2,0,1,1
557,0,1,2,0,1,2,1,2,2,1
558,0,1,2,0,1,2,0,0,2,1
559,0,1,2,0,1,1,2,2,2,1
560,0,1,2,0,0,2,1,0,2,1
561,0,1,2,0,0,2,0,1,2,1
562,0,1,1,2,2,2,2,1,0,1
563,0,1,1,2,2,2,2,0,1,1
564,0,1,1,2,2,2,1,2,0,1
565,0,1,1,2,2,2,1,0,2,1
566,0,1,1,2,2,2,0,2,1,1
567,0,1,1,2,2,2,0,1,2,1
568,0,1,1,2,2,2,0,0,0,1
569,0,1,1,2,1,0,2,2,2,1
570,0,1,1,2,0,1,2,2,2,1
571,0,1,1,1,2,0,2,2,2,1
572,0,1,1,1,0,2,2,2,2,1
573,0,1,1,0,2,1,2,2,2,1
574,0,1,1,0,1,2,2,2,2,1
575,0,1,1,0,0,0,2,2,2,1
576,0,1,0,2,2,2,2,1,1,1
577,0,1,0,2,2,2,1,2,1,1
578,0,1,0,2,2,2,1,1,2,1
579,0,1,0,2,2,2,1,0,0,1
580,0,1,0,2,2,2,0,1,0,1
581,0,1,0,2,2,2,0,0,1,1
582,0,1,0,2,1,1,2,2,2,1
583,0,1,0,1,2,1,2,2,2,1
584,0,1,0,1,1,2,2,2,2,1
585,0,1,0,1,0,0,2,2,2,1
586,0,1,0,0,1,0,2,2,2,1
587,0,1,0,0,0,1,2,2,2,1
588,0,0,2,2,2,1,2,1,1,1
589,0,0,2,2,1,2,1,1,2,1
590,0,0,2,1,2,2,2,1,1,1
591,0,0,2,1,2,2,1,1,2,1
592,0,0,2,1,2,1,2,2,1,1
593,0,0,2,1,2,1,2,1,2,1
594,0,0,2,1,2,1,2,0,0,1
595,0,0,2,1,2,0,2,1,0,1
596,0,0,2,1,2,0,2,0,1,1
597,0,0,2,1,1,2,2,1,2,1
598,0,0,2,1,1,2,1,2,2,1
599,0,0,2,1,1,2,0,0,2,1
600,0,0,2,1,0,2,1,0,2,1
601,0,0,2,1,0,2,0,1,2,1
602,0,0,2,0,2,1,2,1,0,1
603,0,0,2,0,2,1,2,0,1,1
604,0,0,2,0,2,0,2,1,1,1
605,0,0,2,0,1,2,1,0,2,1
606,0,0,2,0,1,2,0,1,2,1
607,0,0,2,0,0,2,1,1,2,1
608,0,0,1,2,2,2,2,1,1,1
609,0,0,1,2,2,2,1,2,1,1
610,0,0,1,2,2,2,1,1,2,1
611,0,0,1,2,2,2,1,0,0,1
612,0,0,1,2,2,2,0,1,0,1
613,0,0,1,2,2,2,0,0,1,1
614,0,0,1,2,1,1,2,2,2,1
615,0,0,1,1,2,1,2,2,2,1
616,0,0,1,1,1,2,2,2,2,1
617,0,0,1,1,0,0,2,2,2,1
618,0,0,1,0,1,0,2,2,2,1
619,0,0,1,0,0,1,2,2,2,1
620,0,0,0,2,2,2,1,1,0,1
621,0,0,0,2,2,2,1,0,1,1
622,0,0,0,2,2,2,0,1,1,1
623,0,0,0,1,1,0,2,2,2,1
624,0,0,0,1,0,1,2,2,2,1
625,0,0,0,0,1,1,2,2,2,1
626,2,2,1,2,2,1,1,0,1,0
627,2,2,1,2,2,1,0,1,1,0
628,2,2,1,2,2,0,1,1,1,0
629,2,2,1,2,1,2,1,1,0,0
630,2,2,1,2,1,2,1,0,1,0
631,2,2,1,2,1,1,1,2,0,0
632,2,2,1,2,1,1,1,0,2,0
633,2,2,1,2,1,1,0,2,1,0
634,2,2,1,2,1,0,1,2,1,0
635,2,2,1,2,1,0,1,1,2,0
636,2,2,1,2,1,0,1,0,0,0
637,2,2,1,2,0,2,1,1,1,0
638,2,2,1,2,0,1,1,2,1,0
639,2,2,1,2,0,1,0,0,1,0
640,2,2,1,1,2,1,2,0,1,0
641,2,2,1,1,1,2,1,2,0,0
642,2,2,1,1,1,2,1,0,2,0
643,2,2,1,1,1,1,2,2,0,0
644,2,2,1,1,1,1,2,0,2,0
645,2,2,1,1,1,1,0,2,2,0
646,2,2,1,1,1,0,1,2,2,0
647,2,2,1,1,0,1,2,2,1,0
648,2,2,1,0,2,2,1,1,1,0
649,2,2,1,0,2,1,2,1,1,0
650,2,2,1,0,2,1,0,0,1,0
651,2,2,1,0,1,2,1,2,1,0
652,2,2,1,0,1,2,1,1,2,0
653,2,2,1,0,1,2,1,0,0,0
654,2,2,1,0,1,1,2,2,1,0
655,2,2,1,0,1,1,1,2,2,0
656,2,2,1,0,1,0,1,2,0,0
657,2,2,1,0,1,0,1,0,2,0
658,2,2,1,0,0,1,2,0,1,0
659,2,2,1,0,0,1,0,2,1,0
660,2,2,0,2,2,1,1,1,1,0
661,2,2,0,2,1,2,1,1,1,0
662,2,2,0,2,0,0,1,1,1,0
663,2,2,0,1,2,2,1,1,1,0
664,2,2,0,1,1,1,2,2,1,0
665,2,2,0,1,1,1,2,1,2,0
666,2,2,0,1,1,1,2,0,0,0
667,2,2,0,1,1,1,1,2,2,0
668,2,2,0,1,1,1,0,2,0,0
669,2,2,0,1,1,1,0,0,2,0
670,2,2,0,0,2,0,1,1,1,0
671,2,2,0,0,0,2,1,1,1,0
672,2,1,2,2,2,0,1,1,1,0
673,2,1,2,2,1,2,1,1,0,0
674,2,1,2,2,1,2,0,1,1,0
675,2,1,2,2,1,1,0,1,2,0
676,2,1,2,2,1,0,1,1,2,0
677,2,1,2,2,1,0,0,1,0,0
678,2,1,2,2,0,2,1,1,1,0
679,2,1,2,1,1,2,2,1,0,0
680,2,1,2,1,1,1,2,2,0,0
681,2,1,2,1,1,1,2,0,2,0
682,2,1,2,1,1,1,0,2,2,0
683,2,1,2,1,1,0,2,1,2,0
684,2,1,2,0,2,2,1,1,1,0
685,2,1,2,0,1,2,2,1,1,0
686,2,1,2,0,1,2,0,1,0,0
687,2,1,2,0,1,1,2,1,2,0
688,2,1,2,0,1,0,2,1,0,0
689,2,1,2,0,1,0,0,1,2,0
690,2,1,1,2,2,1,0,2,1,0
691,2,1,1,2,1,2,1,2,0,0
692,2,1,1,2,1,2,1,0,2,0
693,2,1,1,2,1,2,0,1,2,0
694,2,1,1,2,1,0,1,2,2,0
695,2,1,1,0,2,1,2,2,1,0
696,2,1,1,0,1,2,2,1,2,0
697,2,1,1,0,1,2,1,2,2,0
698,2,1,0,2,1,2,1,1,2,0
699,2,1,0,2,1,2,0,1,0,0
700,2,1,0,2,1,0,0,1,2,0
701,2,1,0,1,1,2,2,1,2,0
702,2,1,0,0,1,2,2,1,0,0
703,2,1,0,0,1,2,0,1,2,0
704,2,1,0,0,1,0,2,1,2,0
705,2,0,2,2,2,1,1,1,1,0
706,2,0,2,2,1,2,1,1,1,0
707,2,0,2,2,0,0,1,1,1,0
708,2,0,2,1,2,2,1,1,1,0
709,2,0,2,1,1,1,2,2,1,0
710,2,0,2,1,1,1,2,1,2,0
711,2,0,2,1,1,1,2,0,0,0
712,2,0,2,1,1,1,1,2,2,0
713,2,0,2,1,1,1,0,2,0,0
714,2,0,2,1,1,1,0,0,2,0
715,2,0,2,0,2,0,1,1,1,0
716,2,0,2,0,0,2,1,1,1,0
717,2,0,1,2,2,1,1,2,1,0
718,2,0,1,2,2,1,0,0,1,0
719,2,0,1,2,1,2,1,2,1,0
720,2,0,1,2,1,2,1,1,2,0
721,2,0,1,2,1,2,1,0,0,0
722,2,0,1,2,1,1,1,2,2,0
723,2,0,1,2,1,0,1,2,0,0
724,2,0,1,2,1,0,1,0,2,0
725,2,0,1,2,0,1,0,2,1,0
726,2,0,1,1,2,1,2,2,1,0
727,2,0,1,1,1,2,1,2,2,0
728,2,0,1,0,2,1,2,0,1,0
729,2,0,1,0,2,1,0,2,1,0
730,2,0,1,0,1,2,1,2,0,0
731,2,0,1,0,1,2,1,0,2,0
732,2,0,1,0,1,0,1,2,2,0
733,2,0,1,0,0,1,2,2,1,0
734,2,0,0,2,2,0,1,1,1,0
735,2,0,0,2,0,2,1,1,1,0
736,2,0,0,1,1,1,2,2,0,0
737,2,0,0,1,1,1,2,0,2,0
738,2,0,0,1,1,1,0,2,2,0
739,2,0,0,0,2,2,1,1,1,0
740,1,2,2,2,2,0,1,1,1,0
741,1,2,2,2,1,2,1,0,1,0
742,1,2,2,2,1,2,0,1,1,0
743,1,2,2,2,1,1,2,0,1,0
744,1,2,2,2,1,1,0,2,1,0
745,1,2,2,2,1,0,2,1,1,0
746,1,2,2,2,1,0,1,2,1,0
747,1,2,2,2,1,0,0,0,1,0
748,1,2,2,2,0,2,1,1,1,0
749,1,2,2,1,2,2,1,1,0,0
750,1,2,2,1,2,2,1,0,1,0
751,1,2,2,1,2,1,1,0,2,0
752,1,2,2,1,2,0,1,1,2,0
753,1,2,2,1,2,0,1,0,0,0
754,1,2,2,1,1,2,2,0,1,0
755,1,2,2,1,1,2,1,2,0,0
756,1,2,2,1,1,2,0,2,1,0
757,1,2,2,1,1,1,2,2,0,0
758,1,2,2,1,1,1,2,0,2,0
759,1,2,2,1,1,1,0,2,2,0
760,1,2,2,1,1,0,2,2,1,0
761,1,2,2,1,1,0,1,2,2,0
762,1,2,2,1,0,2,1,2,1,0
763,1,2,2,1,0,2,1,0,0,0
764,1,2,2,1,0,1,1,2,2,0
765,1,2,2,1,0,0,1,2,0,0
766,1,2,2,1,0,0,1,0,2,0
767,1,2,2,0,2,2,1,1,1,0
768,1,2,2,0,1,2,2,1,1,0
769,1,2,2,0,1,2,1,2,1,0
770,1,2,2,0,1,2,0,0,1,0
771,1,2,2,0,1,1,2,2,1,0
772,1,2,2,0,1,0,2,0,1,0
773,1,2,2,0,1,0,0,2,1,0
774,1,2,1,2,2,1,2,0,1,0
775,1,2,1,2,1,2,2,0,1,0
776,1,2,1,2,1,2,1,2,0,0
777,1,2,1,2,1,2,1,0,2,0
778,1,2,1,2,1,2,0,2,1,0
779,1,2,1,2,1,0,2,2,1,0
780,1,2,1,2,1,0,1,2,2,0
781,1,2,1,2,0,1,2,2,1,0
782,1,2,1,1,2,2,1,0,2,0
783,1,2,1,1,0,2,1,2,2,0
784,1,2,1,0,1,2,2,2,1,0
785,1,2,1,0,1,2,1,2,2,0
786,1,2,0,2,1,2,2,1,1,0
787,1,2,0,2,1,2,1,2,1,0
788,1,2,0,2,1,2,0,0,1,0
789,1,2,0,2,1,1,2,2,1,0
790,1,2,0,2,1,0,2,0,1,0
791,1,2,0,2,1,0,0,2,1,0
792,1,2,0,1,2,2,1,1,2,0
793,1,2,0,1,2,2,1,0,0,0
794,1,2,0,1,2,0,1,0,2,0
795,1,2,0,1,1,2,2,2,1,0
796,1,2,0,1,1,2,1,2,2,0
797,1,2,0,1,0,2,1,2,0,0
798,1,2,0,1,0,2,1,0,2,0
799,1,2,0,1,0,0,1,2,2,0
800,1,2,0,0,1,2,2,0,1,0
801,1,2,0,0,1,2,0,2,1,0
802,1,2,0,0,1,0,2,2,1,0
803,1,1,2,2,1,2,2,1,0,0
804,1,1,2,2,1,2,2,0,1,0
805,1,1,2,2,1,2,0,2,1,0
806,1,1,2,2,1,0,2,2,1,0
807,1,1,2,2,1,0,2,1,2,0
808,1,1,2,1,2,2,1,2,0,0
809,1,1,2,1,2,0,1,2,2,0
810,1,1,2,0,1,2,2,2,1,0
811,1,1,1,2,2,1,2,2,0,0
812,1,1,1,2,2,1,2,0,2,0
813,1,1,1,2,2,1,0,2,2,0
814,1,1,1,2,2,0,2,2,1,0
815,1,1,1,2,2,0,2,1,2,0
816,1,1,1,2,2,0,2,0,0,0
817,1,1,1,2,2,0,1,2,2,0
818,1,1,1,2,2,0,0,2,0,0
819,1,1,1,2,2,0,0,0,2,0
820,1,1,1,2,1,2,2,2,0,0
821,1,1,1,2,1,2,2,0,2,0
822,1,1,1,2,1,2,0,2,2,0
823,1,1,1,2,0,2,2,2,1,0
824,1,1,1,2,0,2,2,1,2,0
825,1,1,1,2,0,2,2,0,0,0
826,1,1,1,2,0,2,1,2,2,0
827,1,1,1,2,0,2,0,2,0,0
828,1,1,1,2,0,2,0,0,2,0
829,1,1,1,2,0,0,2,2,0,0
830,1,1,1,2,0,0,2,0,2,0
831,1,1,1,2,0,0,0,2,2,0
832,1,1,1,1,2,2,2,2,0,0
833,1,1,1,1,2,2,2,0,2,0
834,1,1,1,1,2,2,0,2,2,0
835,1,1,1,0,2,2,2,2,1,0
836,1,1,1,0,2,2,2,1,2,0
837,1,1,1,0,2,2,2,0,0,0
838,1,1,1,0,2,2,1,2,2,0
839,1,1,1,0,2,2,0,2,0,0
840,1,1,1,0,2,2,0,0,2,0
841,1,1,1,0,2,0,2,2,0,0
842,1,1,1,0,2,0,2,0,2,0
843,1,1,1,0,2,0,0,2,2,0
844,1,1,1,0,0,2,2,2,0,0
845,1,1,1,0,0,2,2,0,2,0
846,1,1,1,0,0,2,0,2,2,0
847,1,1,0,2,1,2,2,2,1,0
848,1,1,0,2,1,2,2,1,2,0
849,1,1,0,1,2,2,1,2,2,0
850,1,0,2,2,1,2,2,1,1,0
851,1,0,2,2,1,2,1,2,1,0
852,1,0,2,2,1,2,0,0,1,0
853,1,0,2,2,1,1,2,2,1,0
854,1,0,2,2,1,0,2,0,1,0
855,1,0,2,2,1,0,0,2,1,0
856,1,0,2,1,2,2,1,2,1,0
857,1,0,2,1,2,2,1,0,0,0
858,1,0,2,1,2,1,1,2,2,0
859,1,0,2,1,2,0,1,2,0,0
860,1,0,2,1,2,0,1,0,2,0
861,1,0,2,1,1,2,2,2,1,0
862,1,0,2,1,0,2,1,2,0,0
863,1,0,2,1,0,0,1,2,2,0
864,1,0,2,0,1,2,2,0,1,0
865,1,0,2,0,1,2,0,2,1,0
866,1,0,2,0,1,0,2,2,1,0
867,1,0,1,2,2,1,2,2,1,0
868,1,0,1,2,1,2,2,2,1,0
869,1,0,1,2,1,2,1,2,2,0
870,1,0,1,1,2,2,1,2,2,0
871,1,0,0,2,1,2,2,0,1,0
872,1,0,0,2,1,2,0,2,1,0
873,1,0,0,2,1,0,2,2,1,0
874,1,0,0,1,2,2,1,2,0,0
875,1,0,0,1,2,2,1,0,2,0
876,1,0,0,1,2,0,1,2,2,0
877,1,0,0,1,0,2,1,2,2,0
878,1,0,0,0,1,2,2,2,1,0
879,0,2,2,2,2,1,1,1,1,0
880,0,2,2,2,1,2,1,1,1,0
881,0,2,2,2,0,0,1,1,1,0
882,0,2,2,1,2,2,1,1,1,0
883,0,2,2,1,1,1,2,2,1,0
884,0,2,2,1,1,1,2,1,2,0
885,0,2,2,1,1,1,2,0,0,0
886,0,2,2,1,1,1,1,2,2,0
887,0,2,2,1,1,1,0,2,0,0
888,0,2,2,1,1,1,0,0,2,0
889,0,2,2,0,2,0,1,1,1,0
890,0,2,2,0,0,2,1,1,1,0
891,0,2,1,2,2,1,2,1,1,0
892,0,2,1,2,2,1,0,0,1,0
893,0,2,1,2,1,2,1,2,1,0
894,0,2,1,2,1,2,1,1,2,0
895,0,2,1,2,1,2,1,0,0,0
896,0,2,1,2,1,1,2,2,1,0
897,0,2,1,2,1,1,1,2,2,0
898,0,2,1,2,1,0,1,2,0,0
899,0,2,1,2,1,0,1,0,2,0
900,0,2,1,2,0,1,2,0,1,0
901,0,2,1,2,0,1,0,2,1,0
902,0,2,1,1,1,2,1,2,2,0
903,0,2,1,0,2,1,2,0,1,0
904,0,2,1,0,1,2,1,2,0,0
905,0,2,1,0,1,2,1,0,2,0
906,0,2,1,0,1,0,1,2,2,0
907,0,2,1,0,0,1,2,2,1,0
908,0,2,0,2,2,0,1,1,1,0
909,0,2,0,2,0,2,1,1,1,0
910,0,2,0,1,1,1,2,2,0,0
911,0,2,0,1,1,1,2,0,2,0
912,0,2,0,1,1,1,0,2,2,0
913,0,2,0,0,2,2,1,1,1,0
914,0,1,2,2,1,2,2,1,1,0
915,0,1,2,2,1,2,0,1,0,0
916,0,1,2,2,1,1,2,1,2,0
917,0,1,2,2,1,0,2,1,0,0
918,0,1,2,2,1,0,0,1,2,0
919,0,1,2,0,1,2,2,1,0,0
920,0,1,2,0,1,0,2,1,2,0
921,0,1,1,2,2,1,2,2,1,0
922,0,1,1,2,1,2,2,1,2,0
923,0,1,1,2,1,2,1,2,2,0
924,0,1,0,2,1,2,2,1,0,0
925,0,1,0,2,1,2,0,1,2,0
926,0,1,0,2,1,0,2,1,2,0
927,0,1,0,0,1,2,2,1,2,0
928,0,0,2,2,2,0,1,1,1,0
929,0,0,2,2,0,2,1,1,1,0
930,0,0,2,1,1,1,2,2,0,0
931,0,0,2,1,1,1,2,0,2,0
932,0,0,2,1,1,1,0,2,2,0
933,0,0,2,0,2,2,1,1,1,0
934,0,0,1,2,2,1,2,0,1,0
935,0,0,1,2,2,1,0,2,1,0
936,0,0,1,2,1,2,1,2,0,0
937,0,0,1,2,1,2,1,0,2,0
938,0,0,1,2,1,0,1,2,2,0
939,0,0,1,2,0,1,2,2,1,0
940,0,0,1,0,2,1,2,2,1,0
941,0,0,1,0,1,2,1,2,2,0
942,2,2,1,1,2,2,2,1,1,0
943,2,2,1,1,1,2,2,2,1,0
944,2,2,1,1,1,2,2,1,2,0
945,2,1,2,2,2,1,1,2,1,0
946,2,1,2,2,1,2,1,2,1,0
947,2,1,2,2,1,1,1,2,2,0
948,2,1,2,1,2,2,1,2,1,0
949,2,1,2,1,1,2,2,2,1,0
950,2,1,1,1,2,2,2,2,1,0
951,1,2,2,2,2,1,1,1,2,0
952,1,2,2,2,1,1,2,1,2,0
953,1,2,2,2,1,1,1,2,2,0
954,1,2,1,2,2,1,2,1,2,0
955,1,2,1,2,1,2,2,1,2,0
956,1,2,1,1,2,2,2,1,2,0
957,1,1,2,2,2,1,1,2,2,0
